name,pdg_key,pdg_id,category,hqiv_mev,pdg_mev,delta_mev,abs_error_pct,sigma_mev,sigma_source,sigma_comparison_mev,n_sigma_listed,n_sigma_floored,discharge_match,outside_dressing_product,delta_outside_chart_mev,delta_lab_ambient_mev,delta_accelerator_mev,facility_id,K_facility,m_apparent_facility_mev,delta_residual_mev,delta_residual_facility_mev
Λ⁰_b,Lambda_b0,Λb0,baryon_bottom,5616.914792,5619.600000,-2.685208,0.047783,0.17,"PDG 2024 RPP (Workman et al., Phys. Rev. D 110, 030001, 2024)",56.196,15.7953,0.047783,bottom_multiplet:lambda:isospin=zero,1.06,317.938573,1.663366,9.947604,lhc_lhcb,1.001771,5628.528708,1.021842,-8.925763
Ξ⁰_b,Xi_b0,Ξb0,baryon_bottom,5782.126438,5791.900000,-9.773562,0.168745,0.5,"PDG 2024 RPP (Workman et al., Phys. Rev. D 110, 030001, 2024)",57.919,19.5471,0.168745,bottom_multiplet:xi:isospin=halfPlus,1.06,327.290176,1.712291,10.240196,lhc_lhcb,1.001771,5794.081957,8.061271,-2.178925
Ξ⁻_b,Xi_b-,Ξb-,baryon_bottom,5781.726438,5797.000000,-15.273562,0.263474,0.6,"PDG 2024 RPP (Workman et al., Phys. Rev. D 110, 030001, 2024)",57.97,25.4559,0.263474,bottom_multiplet:xi:isospin=halfMinus,1.06,327.267534,1.712173,10.239487,lhc_lhcb,1.001771,5793.681130,13.561389,3.321902
Σ⁰_b,Sigma_b0,Σb0,baryon_bottom,5804.145285,5815.200000,-11.054715,0.190100,0.4,"PDG 2024 RPP (Workman et al., Phys. Rev. D 110, 030001, 2024)",58.152,27.6368,0.190100,bottom_multiplet:sigma:isospin=zero,1.06,328.536526,1.718812,10.279191,lhc_lhcb,1.001771,5816.146332,9.335903,-0.943288
Σ⁺_b,Sigma_b+,Σb+,baryon_bottom,5804.545285,5816.200000,-11.654715,0.200384,0.5,"PDG 2024 RPP (Workman et al., Phys. Rev. D 110, 030001, 2024)",58.162,23.3094,0.200384,bottom_multiplet:sigma:isospin=plus,1.06,328.559167,1.718930,10.279900,lhc_lhcb,1.001771,5816.547159,9.935785,-0.344115
Σ⁻_b,Sigma_b-,Σb-,baryon_bottom,5803.745285,5815.400000,-11.654715,0.200411,0.4,"PDG 2024 RPP (Workman et al., Phys. Rev. D 110, 030001, 2024)",58.154,29.1368,0.200411,bottom_multiplet:sigma:isospin=minus,1.06,328.513884,1.718694,10.278483,lhc_lhcb,1.001771,5815.745505,9.936022,-0.342461
Ω⁻_b,Omega_b-,Ωb-,baryon_bottom,6051.310888,6046.100000,5.210888,0.086186,0.6,"PDG 2024 RPP (Workman et al., Phys. Rev. D 110, 030001, 2024)",60.461,8.68481,0.086186,bottom_multiplet:omega:isospin=zero,1.0653,370.928941,1.792006,10.716924,lhc_lhcb,1.001771,6063.822992,-7.002895,-17.719818
Λ⁺_c,Lambda_c+,Λ+c,baryon_charm,2285.648808,2286.460000,-0.811192,0.035478,0.14,"PDG 2024 RPP (Workman et al., Phys. Rev. D 110, 030001, 2024)",22.8646,5.79423,0.035478,charmed_multiplet:lambda:n=1:isospin=zero,1.069625,148.779524,0.676861,4.079753,cms_lhc,1.0017849,2290.406630,0.134331,-3.945422
Ξ′_c+,Xi_c_prime+,Ξc(2645)+,baryon_charm,2580.213127,2575.600000,4.613127,0.179109,0.6,"PDG 2024 RPP (Workman et al., Phys. Rev. D 110, 030001, 2024)",25.756,7.68855,0.179109,charmed_multiplet:xi:n=1:xi_prime:isospin=halfPlus,1.080375,191.956154,0.764092,4.605534,cms_lhc,1.0017849,2585.584117,-5.377219,-9.982753
Ξ′_c⁰,Xi_c_prime0,Ξc(2645)0,baryon_charm,2579.794377,2578.200000,1.594377,0.061841,0.5,"PDG 2024 RPP (Workman et al., Phys. Rev. D 110, 030001, 2024)",25.782,3.18875,0.061841,charmed_multiplet:xi:n=1:xi_prime:isospin=halfMinus,1.080375,191.925001,0.763968,4.604786,cms_lhc,1.0017849,2585.164496,-2.358345,-6.963132
Ξ⁰_c,Xi_c0,Ξc0,baryon_charm,2464.281196,2467.710000,-3.428804,0.138947,0.3,"PDG 2024 RPP (Workman et al., Phys. Rev. D 110, 030001, 2024)",24.6771,11.4293,0.138947,charmed_multiplet:xi:n=1:isospin=halfMinus,1.075,171.926595,0.729761,4.398602,cms_lhc,1.0017849,2469.410861,2.699043,-1.699559
Ξ⁺_c,Xi_c+,Ξc+,baryon_charm,2464.681196,2468.050000,-3.368804,0.136497,0.27,"PDG 2024 RPP (Workman et al., Phys. Rev. D 110, 030001, 2024)",24.6805,12.4771,0.136497,charmed_multiplet:xi:n=1:isospin=halfPlus,1.075,171.954502,0.729879,4.399316,cms_lhc,1.0017849,2469.811694,2.638925,-1.760391
Σ⁰_c,Sigma_c0,Σc(2455)0,baryon_charm,2450.276779,2453.750000,-3.473221,0.141547,0.34,"PDG 2024 RPP (Workman et al., Phys. Rev. D 110, 030001, 2024)",24.5375,10.2154,0.141547,charmed_multiplet:sigma:n=1:isospin=zero,1.075,170.949543,0.725613,4.373605,cms_lhc,1.0017849,2455.377292,2.747608,-1.625997
Σ⁺_c,Sigma_c+,Σc(2455)++,baryon_charm,2450.676779,2453.970000,-3.293221,0.134200,0.31,"PDG 2024 RPP (Workman et al., Phys. Rev. D 110, 030001, 2024)",24.5397,10.6233,0.134200,charmed_multiplet:sigma:n=1:isospin=plus,1.075,170.977450,0.725732,4.374319,cms_lhc,1.0017849,2455.778125,2.567490,-1.806829
Σ⁻_c,Sigma_c-,Σc(2455)-,baryon_charm,2449.876779,2452.860000,-2.983221,0.121622,0.27,"PDG 2024 RPP (Workman et al., Phys. Rev. D 110, 030001, 2024)",24.5286,11.049,0.121622,charmed_multiplet:sigma:n=1:isospin=minus,1.075,170.921636,0.725495,4.372891,cms_lhc,1.0017849,2454.976459,2.257727,-2.115164
Ω⁰_c,Omega_c0,Ωc0,baryon_charm,2696.317055,2695.200000,1.117055,0.041446,0.6,"PDG 2024 RPP (Workman et al., Phys. Rev. D 110, 030001, 2024)",26.952,1.86176,0.041446,charmed_multiplet:omega:n=1:isospin=zero,1.0707,178.042043,0.798475,4.812773,cms_lhc,1.0017849,2701.929728,-1.915530,-6.728303
Ω⁺_c,Omega_c+,Ωc+,baryon_charm,2696.317055,2698.000000,-1.682945,0.062377,0.8,"PDG 2024 RPP (Workman et al., Phys. Rev. D 110, 030001, 2024)",26.98,2.10368,0.062377,charmed_multiplet:omega:n=1:isospin=zero,1.0707,178.042043,0.798475,4.812773,cms_lhc,1.0017849,2701.929728,0.884470,-3.928303
Δ⁰,Delta0,Δ(1232)0,baryon_decuplet,1228.974439,1232.000000,-3.025561,0.245581,1,"PDG 2024 RPP (Workman et al., Phys. Rev. D 110, 030001, 2024)",12.32,3.02556,0.245581,"tuft:(n=0, ℓ=1):parity=+:decuplet_ground_slot:isospin_i3=-0.5",0.99285714,-8.841543,0.363943,0.000000,earth_surface,1,1229.338382,2.661618,2.661618
Δ⁺,Delta+,Δ(1232)+,baryon_decuplet,1229.374439,1232.000000,-2.625561,0.213114,1,"PDG 2024 RPP (Workman et al., Phys. Rev. D 110, 030001, 2024)",12.32,2.62556,0.213114,"tuft:(n=0, ℓ=1):parity=+:decuplet_ground_slot:isospin_i3=0.5",0.99285714,-8.844420,0.364061,0.000000,earth_surface,1,1229.738501,2.261499,2.261499
Δ⁺⁺,Delta++,Δ(1232)++,baryon_decuplet,1229.774439,1232.000000,-2.225561,0.180646,1,"PDG 2024 RPP (Workman et al., Phys. Rev. D 110, 030001, 2024)",12.32,2.22556,0.180646,"tuft:(n=0, ℓ=1):parity=+:decuplet_ground_slot:isospin_i3=1.5",0.99285714,-8.847298,0.364180,0.000000,earth_surface,1,1230.138619,1.861381,1.861381
Δ⁻,Delta-,Δ(1232)-,baryon_decuplet,1228.574439,1232.000000,-3.425561,0.278049,1,"PDG 2024 RPP (Workman et al., Phys. Rev. D 110, 030001, 2024)",12.32,3.42556,0.278049,"tuft:(n=0, ℓ=1):parity=+:decuplet_ground_slot:isospin_i3=-1.5",0.99285714,-8.838665,0.363824,0.000000,earth_surface,1,1228.938264,3.061736,3.061736
Ξ*⁰,Xi*0,Ξ(1530)0,baryon_decuplet,1535.823105,1531.800000,4.023105,0.262639,0.3,"PDG 2024 RPP (Workman et al., Phys. Rev. D 110, 030001, 2024)",15.318,13.4103,0.262639,"strange_orbital:decuplet:(0,2,-):n_s=2:isospin=halfPlus",1,0.000000,0.454811,0.000000,earth_surface,1,1536.277916,-4.477916,-4.477916
Ξ*⁻,Xi*-,Ξ(1530)-,baryon_decuplet,1535.423105,1535.000000,0.423105,0.027564,0.6,"PDG 2024 RPP (Workman et al., Phys. Rev. D 110, 030001, 2024)",15.35,0.705175,0.027564,"strange_orbital:decuplet:(0,2,-):n_s=2:isospin=halfMinus",1,0.000000,0.454693,0.000000,earth_surface,1,1535.877798,-0.877798,-0.877798
Σ*⁰,Sigma*0,Σ(1385)0,baryon_decuplet,1384.351807,1383.700000,0.651807,0.047106,1,"PDG 2024 RPP (Workman et al., Phys. Rev. D 110, 030001, 2024)",13.837,0.651807,0.047106,"strange_orbital:decuplet:(0,2,-):n_s=1:isospin=zero",1,0.000000,0.409955,0.000000,earth_surface,1,1384.761762,-1.061762,-1.061762
Σ*⁺,Sigma*+,Σ(1385)+,baryon_decuplet,1384.751807,1384.600000,0.151807,0.010964,0.6,"PDG 2024 RPP (Workman et al., Phys. Rev. D 110, 030001, 2024)",13.846,0.253012,0.010964,"strange_orbital:decuplet:(0,2,-):n_s=1:isospin=plus",1,0.000000,0.410074,0.000000,earth_surface,1,1385.161881,-0.561881,-0.561881
Σ*⁻,Sigma*-,Σ(1385)-,baryon_decuplet,1383.951807,1387.200000,-3.248193,0.234155,0.5,"PDG 2024 RPP (Workman et al., Phys. Rev. D 110, 030001, 2024)",13.872,6.49639,0.234155,"strange_orbital:decuplet:(0,2,-):n_s=1:isospin=minus",1,0.000000,0.409837,0.000000,earth_surface,1,1384.361644,2.838356,2.838356
Ω*⁻,Omega*-,Ω(1650)-,baryon_decuplet,1672.463858,1672.450000,0.013858,0.000829,0.29,"PDG 2024 RPP (Workman et al., Phys. Rev. D 110, 030001, 2024)",16.7245,0.0477851,0.000829,"strange_orbital:decuplet:(0,2,-):n_s=3:isospin=zero",1,0.000000,0.495276,0.000000,earth_surface,1,1672.959133,-0.509133,-0.509133
ccd (ref.),ccd_baryon,Ξcc++ (proxy),baryon_double_charm,3622.446068,3621.550000,0.896068,0.024743,0.23,"PDG 2024 RPP (Workman et al., Phys. Rev. D 110, 030001, 2024)",36.2155,3.89595,0.024743,charmed_multiplet:lambda:n=2:isospin=halfMinus,1.075,252.728795,1.072734,6.465861,cms_lhc,1.0017849,3629.986577,-1.968802,-8.434663
Ξcc+,Xi_cc+,Ξcc+,baryon_double_charm,3622.846068,3621.200000,1.646068,0.045456,0.7,"PDG 2024 RPP (Workman et al., Phys. Rev. D 110, 030001, 2024)",36.212,2.35153,0.045456,charmed_multiplet:lambda:n=2:isospin=halfPlus,1.075,252.756702,1.072852,6.466575,cms_lhc,1.0017849,3630.387410,-2.718920,-9.185495
Ξcc+,Xi_cc+,Ξcc+,baryon_double_charm,3622.846068,3621.200000,1.646068,0.045456,0.7,"PDG 2024 RPP (Workman et al., Phys. Rev. D 110, 030001, 2024)",36.212,2.35153,0.045456,charmed_multiplet:lambda:n=2:isospin=halfPlus,1.075,252.756702,1.072852,6.466575,cms_lhc,1.0017849,3630.387410,-2.718920,-9.185495
Ξcc++,Xi_cc++,Ξcc++,baryon_double_charm,3622.846068,3621.550000,1.296068,0.035788,0.23,"PDG 2024 RPP (Workman et al., Phys. Rev. D 110, 030001, 2024)",36.2155,5.63508,0.035788,charmed_multiplet:lambda:n=2:isospin=halfPlus,1.075,252.756702,1.072852,6.466575,cms_lhc,1.0017849,3630.387410,-2.368920,-8.835495
Ωcc,Omega_cc,Ωcc,baryon_double_charm,3621.294282,3621.200000,0.094282,0.002604,2,"PDG 2024 RPP (Workman et al., Phys. Rev. D 110, 030001, 2024)",36.212,0.0471411,0.002604,charmed_multiplet:xi:n=2:isospin=zero,1.0707,239.119740,1.072393,6.463805,cms_lhc,1.0017849,3628.832394,-1.166675,-7.630480
N(1440),N1440,N(1440)1/2,baryon_resonance,1442.579161,1440.000000,2.579161,0.179108,30,"PDG 2024 RPP (Workman et al., Phys. Rev. D 110, 030001, 2024)",30,0.085972,0.085972,"nucleon_resonance:(n=0,ℓ=2,+):p11_1440",1,0.000000,0.427199,0.000000,earth_surface,1,1443.006360,-3.006360,-3.006360
N(1520),N1520,N(1520)3/2,baryon_resonance,1516.353582,1515.000000,1.353582,0.089345,20,"PDG 2024 RPP (Workman et al., Phys. Rev. D 110, 030001, 2024)",20,0.0676791,0.067679,"nucleon_resonance:(n=1,ℓ=1,-):d13_1520",1.005,7.544048,0.449046,0.000000,earth_surface,1,1516.802628,-1.802628,-1.802628
N(1535),N1535,N(1535)1/2,baryon_resonance,1523.897630,1523.000000,0.897630,0.058938,10,"PDG 2024 RPP (Workman et al., Phys. Rev. D 110, 030001, 2024)",15.23,0.089763,0.058938,"nucleon_resonance:(n=1,ℓ=1,+):s11_1535",1,0.000000,0.451280,0.000000,earth_surface,1,1524.348910,-1.348910,-1.348910
N(1650),N1650,N(1650)1/2,baryon_resonance,1649.469688,1650.000000,-0.530312,0.032140,30,"PDG 2024 RPP (Workman et al., Phys. Rev. D 110, 030001, 2024)",30,0.0176771,0.017677,"nucleon_resonance:(n=0,ℓ=3,-):d13_1650",1,0.000000,0.488466,0.000000,earth_surface,1,1649.958154,0.041846,0.041846
N(1675),N1675,N(1675)5/2,baryon_resonance,1674.846145,1675.000000,-0.153855,0.009185,5,"PDG 2024 RPP (Workman et al., Phys. Rev. D 110, 030001, 2024)",16.75,0.030771,0.009185,"nucleon_resonance:(n=0,ℓ=3,-):d13_1675",1,0.000000,0.495981,0.000000,earth_surface,1,1675.342126,-0.342126,-0.342126
N(1680),N1680,N(1680)5/2,baryon_resonance,1679.679756,1680.000000,-0.320244,0.019062,5,"PDG 2024 RPP (Workman et al., Phys. Rev. D 110, 030001, 2024)",16.8,0.0640489,0.019062,"nucleon_resonance:(n=0,ℓ=3,-):d13_1680",1,0.000000,0.497412,0.000000,earth_surface,1,1680.177168,-0.177168,-0.177168
N(1710),N1710,N(1710)1/2,baryon_resonance,1710.496491,1710.000000,0.496491,0.029035,30,"PDG 2024 RPP (Workman et al., Phys. Rev. D 110, 030001, 2024)",30,0.0165497,0.016550,"nucleon_resonance:(n=0,ℓ=3,+):d13_1710",1,0.000000,0.506538,0.000000,earth_surface,1,1711.003030,-1.003030,-1.003030
N(1720),N1720,N(1720)3/2,baryon_resonance,1717.933432,1720.000000,-2.066568,0.120149,20,"PDG 2024 RPP (Workman et al., Phys. Rev. D 110, 030001, 2024)",20,0.103328,0.103328,"nucleon_resonance:(n=0,ℓ=3,+):d13_1720",1,0.000000,0.508741,0.000000,earth_surface,1,1718.442173,1.557827,1.557827
Λ(1405),Lambda1405,Λ(1405),baryon_resonance,1406.549868,1405.100000,1.449868,0.103186,0.3,"PDG 2024 RPP (Workman et al., Phys. Rev. D 110, 030001, 2024)",14.051,4.83289,0.103186,"strange_orbital:lambda:(0,2,-)",1,0.000000,0.416529,0.000000,earth_surface,1,1406.966397,-1.866397,-1.866397
Σ(1385),Sigma1385,Σ(1385),baryon_resonance,1384.351807,1385.000000,-0.648193,0.046801,5,"PDG 2024 RPP (Workman et al., Phys. Rev. D 110, 030001, 2024)",13.85,0.129639,0.046801,"strange_orbital:decuplet:(0,2,-):n_s=1",1,0.000000,0.409955,0.000000,earth_surface,1,1384.761762,0.238238,0.238238
B*⁰,B*0,B*0,meson_bottom,5333.245542,5324.830000,8.415542,0.158043,0.18,"PDG 2024 RPP (Workman et al., Phys. Rev. D 110, 030001, 2024)",53.2483,46.753,0.158043,heavy:open_bottom_vector:isospin=halfMinus,1,0.000000,1.579362,9.445224,lhc_lhcb,1.001771,5344.272924,-9.994904,-19.440127
B*⁺,B*+,B*+,meson_bottom,5333.645542,5324.710000,8.935542,0.167813,0.2,"PDG 2024 RPP (Workman et al., Phys. Rev. D 110, 030001, 2024)",53.2471,44.6777,0.167813,heavy:open_bottom_vector:isospin=halfPlus,1,0.000000,1.579480,9.445932,lhc_lhcb,1.001771,5344.673752,-10.515022,-19.960954
B⁰,B0,B0,meson_bottom,5267.400535,5279.660000,-12.259465,0.232202,0.12,"PDG 2024 RPP (Workman et al., Phys. Rev. D 110, 030001, 2024)",52.7966,102.162,0.232202,heavy:open_bottom:isospin=halfMinus,1,0.000000,1.559863,9.328612,lhc_lhcb,1.001771,5278.291772,10.699602,1.370990
B⁰_s,Bs0,Bs0,meson_bottom,5358.129421,5366.920000,-8.790579,0.163792,0.1,"PDG 2024 RPP (Workman et al., Phys. Rev. D 110, 030001, 2024)",53.6692,87.9058,0.163792,heavy:open_bottom_strange:isospin=zero,1,0.000000,1.586731,9.489293,lhc_lhcb,1.001771,5369.208255,7.203848,-2.285445
B⁺,B+,B+,meson_bottom,5267.800535,5279.340000,-11.539465,0.218578,0.12,"PDG 2024 RPP (Workman et al., Phys. Rev. D 110, 030001, 2024)",52.7934,96.1622,0.218578,heavy:open_bottom:isospin=halfPlus,1,0.000000,1.559981,9.329320,lhc_lhcb,1.001771,5278.692599,9.979484,0.650164
B⁺_c,B_c+,Bc+,meson_bottom,6257.610792,6274.470000,-16.859208,0.268695,0.27,"PDG 2024 RPP (Workman et al., Phys. Rev. D 110, 030001, 2024)",62.7447,62.4415,0.268695,heavy:open_bc,1,0.000000,1.853099,11.082282,lhc_lhcb,1.001771,6270.549456,15.006109,3.923826
ϒ(1S),Upsilon,ϒ(1S),meson_bottom,9456.670292,9460.300000,-3.629708,0.038368,0.26,"PDG 2024 RPP (Workman et al., Phys. Rev. D 110, 030001, 2024)",94.603,13.9604,0.038368,heavy:hidden_bottom:isospin=zero,1.030125,276.551091,2.800453,16.747844,lhc_lhcb,1.001771,9476.223549,0.829255,-15.918590
ϒ(2S),Upsilon2S,ϒ(2S),meson_bottom,10015.064157,10023.260000,-8.195843,0.081768,0.05,"PDG 2024 RPP (Workman et al., Phys. Rev. D 110, 030001, 2024)",100.233,163.917,0.081768,heavy:hidden_bottom_radial:k=1:isospin=zero,1.022767,222.937009,2.965814,17.736765,lhc_lhcb,1.001771,10035.771987,5.230030,-12.506735
ϒ(3S),Upsilon3S,ϒ(3S),meson_bottom,10350.325634,10355.200000,-4.874366,0.047072,0.1,"PDG 2024 RPP (Workman et al., Phys. Rev. D 110, 030001, 2024)",103.552,48.7437,0.047072,heavy:hidden_bottom_radial:k=2:isospin=zero,1.0249744,252.194513,3.065096,18.330516,lhc_lhcb,1.001771,10371.726675,1.809269,-16.521246
D*⁰,D*0,D*0,meson_charm,2006.157796,2006.850000,-0.692204,0.034492,0.1,"PDG 2024 RPP (Workman et al., Phys. Rev. D 110, 030001, 2024)",20.0685,6.92204,0.034492,heavy:open_charm_vector:isospin=halfMinus,1.1259,224.331882,0.594094,0.000000,earth_surface,1,2006.751890,0.098110,0.098110
D*⁰(2S),D*0(2S),D*0(2400)0,meson_charm,2400.700925,2400.000000,0.700925,0.029205,25,"PDG 2024 RPP (Workman et al., Phys. Rev. D 110, 030001, 2024)",25,0.028037,0.028037,heavy:open_charm_vector_radial:k=1,1.134,283.680709,0.710932,0.000000,earth_surface,1,2401.411857,-1.411857,-1.411857
D*⁺,D*+,D*+,meson_charm,2006.557796,2010.260000,-3.702204,0.184165,0.17,"PDG 2024 RPP (Workman et al., Phys. Rev. D 110, 030001, 2024)",20.1026,21.7777,0.184165,heavy:open_charm_vector:isospin=halfPlus,1.1259,224.376611,0.594212,0.000000,earth_surface,1,2007.152008,3.107992,3.107992
D_s1(2536)+,D_s1,Ds1(2536)+,meson_charm,2534.830629,2536.290000,-1.459371,0.057540,0.2,"PDG 2024 RPP (Workman et al., Phys. Rev. D 110, 030001, 2024)",25.3629,7.29686,0.057540,heavy:open_charm_strange_vector_radial:k=1,1.1421,315.383445,0.750653,0.000000,earth_surface,1,2535.581281,0.708719,0.708719
D⁰,D0,D0,meson_charm,1870.903726,1864.840000,6.063726,0.325161,0.05,"PDG 2024 RPP (Workman et al., Phys. Rev. D 110, 030001, 2024)",18.6484,121.275,0.325161,heavy:open_charm:isospin=halfMinus,1.05,89.090654,0.554041,0.000000,earth_surface,1,1871.457767,-6.617767,-6.617767
D⁺,D+,D+,meson_charm,1871.303726,1869.660000,1.643726,0.087916,0.05,"PDG 2024 RPP (Workman et al., Phys. Rev. D 110, 030001, 2024)",18.6966,32.8745,0.087916,heavy:open_charm:isospin=halfPlus,1.05,89.109701,0.554159,0.000000,earth_surface,1,1871.857885,-2.197885,-2.197885
D⁺_s,Ds+,Ds+,meson_charm,1971.440775,1968.350000,3.090775,0.157024,0.07,"PDG 2024 RPP (Workman et al., Phys. Rev. D 110, 030001, 2024)",19.6835,44.1539,0.157024,heavy:open_charm_strange:isospin=zero,1.05525,103.219240,0.583813,0.000000,earth_surface,1,1972.024588,-3.674588,-3.674588
J/ψ,J/psi,J/ψ(3097),meson_charm,3090.098933,3096.900000,-6.801067,0.219609,0.006,"PDG 2024 RPP (Workman et al., Phys. Rev. D 110, 030001, 2024)",30.969,1133.51,0.219609,heavy:hidden_charm:isospin=zero,1.025,75.368267,0.915087,6.547576,bes_charmonium,1.0021189,3097.563536,5.885980,-0.661597
χc1,chi_c1,χc1(3510),meson_charm,3502.112124,3510.710000,-8.597876,0.244904,0.04,"PDG 2024 RPP (Workman et al., Phys. Rev. D 110, 030001, 2024)",35.1071,214.947,0.244904,heavy:hidden_charm_radial:k=2,1.025,85.417369,1.037099,7.420586,bes_charmonium,1.0021189,3510.572007,7.560777,0.140190
ψ(2S),psi2S,ψ(3686),meson_charm,3681.632158,3686.097000,-4.464842,0.121127,0.025,"PDG 2024 RPP (Workman et al., Phys. Rev. D 110, 030001, 2024)",36.861,178.594,0.121127,heavy:hidden_charm_radial:k=1:isospin=zero,1.025,89.795906,1.090261,7.800969,bes_charmonium,1.0021189,3690.525698,3.374581,-4.426388
K*⁰,K*0,K*(892)0,meson_light_vector,891.447142,896.100000,-4.652858,0.519234,0.06,"PDG 2024 RPP (Workman et al., Phys. Rev. D 110, 030001, 2024)",8.961,77.5476,0.519234,"tuft:(n=1, ℓ=0):isovector:n_s=1:strange_kstar_ns1_slot:isospin_i3=-0.5",0.996,-3.580109,0.263989,0.000000,earth_surface,1,891.711131,4.388869,4.388869
K*⁰,K*0_bar,K*(892)0,meson_light_vector,891.847142,896.100000,-4.252858,0.474596,0.06,"PDG 2024 RPP (Workman et al., Phys. Rev. D 110, 030001, 2024)",8.961,70.881,0.474596,"tuft:(n=1, ℓ=0):isovector:n_s=1:strange_kstar_ns1_slot:isospin_i3=0.5",0.996,-3.581715,0.264107,0.000000,earth_surface,1,892.111249,3.988751,3.988751
K*⁺,K*+,K*(892)+,meson_light_vector,891.847142,891.670000,0.177142,0.019866,0.26,"PDG 2024 RPP (Workman et al., Phys. Rev. D 110, 030001, 2024)",8.9167,0.681315,0.019866,"tuft:(n=1, ℓ=0):isovector:n_s=1:strange_kstar_ns1_slot:isospin_i3=0.5",0.996,-3.581715,0.264107,0.000000,earth_surface,1,892.111249,-0.441249,-0.441249
K*⁻,K*-,K*(892)-,meson_light_vector,891.447142,891.670000,-0.222858,0.024993,0.26,"PDG 2024 RPP (Workman et al., Phys. Rev. D 110, 030001, 2024)",8.9167,0.857147,0.024993,"tuft:(n=1, ℓ=0):isovector:n_s=1:strange_kstar_ns1_slot:isospin_i3=-0.5",0.996,-3.580109,0.263989,0.000000,earth_surface,1,891.711131,-0.041131,-0.041131
ρ⁰,rho0,ρ(770)0,meson_light_vector,773.205702,775.260000,-2.054298,0.264982,0.15,"PDG 2024 RPP (Workman et al., Phys. Rev. D 110, 030001, 2024)",7.7526,13.6953,0.264982,"tuft:(n=0, ℓ=1):isovector:isospin_i3=0",1,0.000000,0.228973,0.000000,earth_surface,1,773.434676,1.825324,1.825324
ρ⁺,rho+,ρ(770)+,meson_light_vector,773.605702,775.260000,-1.654298,0.213386,0.15,"PDG 2024 RPP (Workman et al., Phys. Rev. D 110, 030001, 2024)",7.7526,11.0287,0.213386,"tuft:(n=0, ℓ=1):isovector:isospin_i3=1",1,0.000000,0.229092,0.000000,earth_surface,1,773.834794,1.425206,1.425206
φ,phi,φ(1020),meson_light_vector,1019.501814,1019.461000,0.040814,0.004003,0.016,"PDG 2024 RPP (Workman et al., Phys. Rev. D 110, 030001, 2024)",10.1946,2.55085,0.004003,"tuft:(n=1, ℓ=0):isovector:n_s=2:hidden_strangeness_vector",1.0126,12.685881,0.301910,0.000000,earth_surface,1,1019.803724,-0.342724,-0.342724
ω,omega,ω(782),meson_light_vector,781.483844,782.650000,-1.166156,0.149001,0.12,"PDG 2024 RPP (Workman et al., Phys. Rev. D 110, 030001, 2024)",7.8265,9.71797,0.149001,"tuft:(n=0, ℓ=1):isoscalar:light_vector_isoscalar_slot",0.99285714,-5.622186,0.231425,0.000000,earth_surface,1,781.715269,0.934731,0.934731
a1(1260),K1_1270,a1(1260),meson_resonance,1271.454847,1270.000000,1.454847,0.114555,20,"PDG 2024 RPP (Workman et al., Phys. Rev. D 110, 030001, 2024)",20,0.0727424,0.072742,"tuft:(n=4, ℓ=0):isovector",1,0.000000,0.376523,0.000000,earth_surface,1,1271.831370,-1.831370,-1.831370
f0(1370),f0_1370,f0(1370),meson_resonance,1371.981849,1370.000000,1.981849,0.144661,50,"PDG 2024 RPP (Workman et al., Phys. Rev. D 110, 030001, 2024)",50,0.039637,0.039637,"tuft:(n=3, ℓ=3):isoscalar",1,0.000000,0.406292,0.000000,earth_surface,1,1372.388141,-2.388141,-2.388141
f0(980),f0_980,f0(980),meson_resonance,978.930545,980.000000,-1.069455,0.109128,30,"PDG 2024 RPP (Workman et al., Phys. Rev. D 110, 030001, 2024)",30,0.0356485,0.035648,"tuft:(n=2, ℓ=0):isoscalar",1,0.000000,0.289896,0.000000,earth_surface,1,979.220441,0.779559,0.779559
f2(1270),f2_1270,f2(1270),meson_resonance,1273.165007,1275.000000,-1.834993,0.143921,25,"PDG 2024 RPP (Workman et al., Phys. Rev. D 110, 030001, 2024)",25,0.0733997,0.073400,"tuft:(n=4, ℓ=1):isovector",1,0.000000,0.377029,0.000000,earth_surface,1,1273.542036,1.457964,1.457964
h1(1170),h1_1170,h1(1170),meson_resonance,1169.871355,1170.000000,-0.128645,0.010995,40,"PDG 2024 RPP (Workman et al., Phys. Rev. D 110, 030001, 2024)",40,0.00321612,0.003216,"tuft:(n=3, ℓ=0):isoscalar",1,0.000000,0.346440,0.000000,earth_surface,1,1170.217795,-0.217795,-0.217795
Pc(4312)⁺,Pc(4312)+,Pc(4312)+,pentaquark_charm,4313.466636,4311.900000,1.566636,0.036333,0.7,"PDG 2024 RPP (Workman et al., Phys. Rev. D 110, 030001, 2024)",43.119,2.23805,0.036333,pentaquark:excitation_k=0,1.005,21.460033,1.277370,7.699293,cms_lhc,1.0017849,4322.445579,-2.844006,-10.543299
Pc(4380)⁺,Pc4380,Pc(4380)+,pentaquark_charm,4396.963026,4380.000000,16.963026,0.387284,29,"PDG 2024 RPP (Workman et al., Phys. Rev. D 110, 030001, 2024)",43.8,0.584932,0.387284,pentaquark:excitation_k=0:orbit_split,1.010025,43.642043,1.302096,7.848329,cms_lhc,1.0017849,4406.115775,-18.265122,-26.113451
Pc(4440)⁺,Pc(4440)+,Pc(4440)+,pentaquark_charm,4430.730388,4440.300000,-9.569612,0.215517,1.3,"PDG 2024 RPP (Workman et al., Phys. Rev. D 110, 030001, 2024)",44.403,7.36124,0.215517,pentaquark:excitation_k=1,1.0071429,31.423620,1.312095,7.908602,cms_lhc,1.0017849,4439.953428,8.257517,0.348914
Pc(4457)⁺,Pc(4457)+,Pc(4457)+,pentaquark_charm,4466.752586,4457.300000,9.452586,0.212070,2.3,"PDG 2024 RPP (Workman et al., Phys. Rev. D 110, 030001, 2024)",44.573,4.10982,0.212070,pentaquark:excitation_k=2,1.0071429,31.679096,1.322763,7.972900,cms_lhc,1.0017849,4476.050610,-10.775349,-18.748249
Tcc,Tcc,Tcc,tetraquark,3866.947701,3875.000000,-8.052299,0.207801,2,"PDG 2024 RPP (Workman et al., Phys. Rev. D 110, 030001, 2024)",38.75,4.02615,0.207801,tetraquark:double_open,1,0.000000,1.145140,6.902282,cms_lhc,1.0017849,3874.997167,6.907159,0.004877
X(3872),X(3872),X(3872),tetraquark,3866.947701,3871.690000,-4.742299,0.122487,0.17,"PDG 2024 RPP (Workman et al., Phys. Rev. D 110, 030001, 2024)",38.7169,27.8959,0.122487,tetraquark:double_open,1,0.000000,1.145140,6.902282,cms_lhc,1.0017849,3874.997167,3.597159,-3.305123
X(4140),X4140,X(4140),tetraquark,4139.355245,4146.800000,-7.444755,0.179530,1.4,"PDG 2024 RPP (Workman et al., Phys. Rev. D 110, 030001, 2024)",41.468,5.31768,0.179530,tetraquark:open_strange_orbital,1,0.000000,1.225809,7.388514,cms_lhc,1.0017849,4147.971756,6.218946,-1.169568
X(4274),X4274,X(4274),tetraquark,4278.740015,4273.300000,5.440015,0.127302,1.2,"PDG 2024 RPP (Workman et al., Phys. Rev. D 110, 030001, 2024)",42.733,4.53335,0.127302,tetraquark:open_vector_excited,1.005,21.287264,1.267086,7.637308,cms_lhc,1.0017849,4287.646670,-6.707101,-14.344409
Zc(3900),Zc(3900),Zc(3900)+,tetraquark,3890.227383,3886.700000,3.527383,0.090755,2,"PDG 2024 RPP (Workman et al., Phys. Rev. D 110, 030001, 2024)",38.867,1.76369,0.090755,tetraquark:open_strange_z,1,0.000000,1.152033,6.943835,cms_lhc,1.0017849,3898.325308,-4.679417,-11.623252
Zc(4020),Zc4020,Zc(4020)0,tetraquark,4024.373155,4020.400000,3.973155,0.098825,1.8,"PDG 2024 RPP (Workman et al., Phys. Rev. D 110, 030001, 2024)",40.204,2.20731,0.098825,tetraquark:open_strange,1,0.000000,1.191759,7.183278,cms_lhc,1.0017849,4032.750319,-5.164914,-12.348191
Zc(4200),Zc4200,Zc(4200)0,tetraquark,4187.658444,4198.000000,-10.341556,0.246345,13,"PDG 2024 RPP (Workman et al., Phys. Rev. D 110, 030001, 2024)",41.98,0.795504,0.246345,tetraquark:open_vector,1,0.000000,1.240113,7.474733,cms_lhc,1.0017849,4196.375503,9.101443,1.626711
